{"cameraMode":{"drawMode":0,"name":"Shaded","section":"Shading Mode"},"sceneLighting":false,"audioPlay":false,"sceneViewState":{"showFog":true,"showMaterialUpdate":true,"showSkybox":true,"showFlares":true,"showImageEffects":true,"showParticleSystems":true},"in2DMode":false,"pivot":{"x":-23.84000015258789,"y":12.60000228881836,"z":8.929998397827149},"rotation":{"x":0.17137639224529267,"y":0.7043034434318543,"z":-0.6645017862319946,"w":0.18172587454319},"size":43.718753814697269,"orthographic":false}