{"cameraMode":{"drawMode":0,"name":"Shaded","section":"Shading Mode"},"sceneLighting":false,"audioPlay":false,"sceneViewState":{"showFog":true,"showMaterialUpdate":true,"showSkybox":true,"showFlares":true,"showImageEffects":true,"showParticleSystems":true},"in2DMode":false,"pivot":{"x":303.4031982421875,"y":117.56999969482422,"z":181.72694396972657},"rotation":{"x":0.0652376115322113,"y":0.912392795085907,"z":-0.16069459915161134,"w":0.3707568943500519},"size":306.4258728027344,"orthographic":false}