{"cameraMode":{"drawMode":0,"name":"Shaded","section":"Shading Mode"},"sceneLighting":false,"audioPlay":false,"sceneViewState":{"showFog":true,"showMaterialUpdate":true,"showSkybox":true,"showFlares":true,"showImageEffects":true,"showParticleSystems":true},"in2DMode":false,"pivot":{"x":260.7215576171875,"y":117.96395874023438,"z":221.1027374267578},"rotation":{"x":-0.42002686858177187,"y":-0.5648282170295715,"z":0.40827661752700808,"w":-0.5812544226646423},"size":310.07415771484377,"orthographic":false}