{"cameraMode":{"drawMode":0,"name":"Shaded","section":"Shading Mode"},"sceneLighting":false,"audioPlay":false,"sceneViewState":{"showFog":true,"showMaterialUpdate":true,"showSkybox":true,"showFlares":true,"showImageEffects":true,"showParticleSystems":true},"in2DMode":false,"pivot":{"x":-0.13392990827560426,"y":0.2722727954387665,"z":-0.008880317211151123},"rotation":{"x":-0.22649845480918885,"y":-0.5299177169799805,"z":0.14945273101329804,"w":-0.8034610152244568},"size":0.9112386107444763,"orthographic":false}