{"cameraMode":{"drawMode":0,"name":"Shaded","section":"Shading Mode"},"sceneLighting":false,"audioPlay":false,"sceneViewState":{"showFog":true,"showMaterialUpdate":true,"showSkybox":true,"showFlares":true,"showImageEffects":true,"showParticleSystems":true},"in2DMode":false,"pivot":{"x":-0.8570003509521484,"y":0.49199962615966799,"z":0.07299995422363281},"rotation":{"x":0.024024881422519685,"y":-0.9347894787788391,"z":-0.06429146230220795,"w":-0.348508358001709},"size":63.616485595703128,"orthographic":false}