{"cameraMode":{"drawMode":0,"name":"Shaded","section":"Shading Mode"},"sceneLighting":false,"audioPlay":false,"sceneViewState":{"showFog":true,"showMaterialUpdate":true,"showSkybox":true,"showFlares":true,"showImageEffects":true,"showParticleSystems":true},"in2DMode":false,"pivot":{"x":240.17965698242188,"y":115.0919189453125,"z":264.3319396972656},"rotation":{"x":-0.021491926163434984,"y":-0.9732101559638977,"z":0.20470695197582246,"w":-0.10244639217853546},"size":440.7197265625,"orthographic":false}