{"cameraMode":{"drawMode":0,"name":"Shaded","section":"Shading Mode"},"sceneLighting":false,"audioPlay":false,"sceneViewState":{"showFog":true,"showMaterialUpdate":true,"showSkybox":true,"showFlares":true,"showImageEffects":true,"showParticleSystems":true},"in2DMode":false,"pivot":{"x":1.0000005960464478,"y":0.10530320554971695,"z":1.2382054328918458},"rotation":{"x":-0.22046330571174622,"y":-0.2667469382286072,"z":0.06289312988519669,"w":-0.9361017942428589},"size":0.8357135653495789,"orthographic":false}