{"cameraMode":{"drawMode":0,"name":"Shaded","section":"Shading Mode"},"sceneLighting":true,"audioPlay":false,"sceneViewState":{"showFog":true,"showMaterialUpdate":true,"showSkybox":true,"showFlares":true,"showImageEffects":true,"showParticleSystems":true},"in2DMode":false,"pivot":{"x":150.73001098632813,"y":122.48999786376953,"z":231.62998962402345},"rotation":{"x":0.2748631238937378,"y":0.41728323698043826,"z":-0.13410638272762299,"w":0.8557688593864441},"size":10.810567855834961,"orthographic":false}