{"cameraMode":{"drawMode":0,"name":"Shaded","section":"Shading Mode"},"sceneLighting":false,"audioPlay":false,"sceneViewState":{"showFog":true,"showMaterialUpdate":true,"showSkybox":true,"showFlares":true,"showImageEffects":true,"showParticleSystems":true},"in2DMode":false,"pivot":{"x":261.63067626953127,"y":77.03057861328125,"z":256.6212158203125},"rotation":{"x":0.6169602274894714,"y":-0.14210203289985658,"z":0.11443201452493668,"w":0.7655537128448486},"size":262.4301452636719,"orthographic":false}