{"cameraMode":{"drawMode":0,"name":"Shaded","section":"Shading Mode"},"sceneLighting":false,"audioPlay":false,"sceneViewState":{"showFog":true,"showMaterialUpdate":true,"showSkybox":true,"showFlares":true,"showImageEffects":true,"showParticleSystems":true},"in2DMode":false,"pivot":{"x":-0.052226316183805469,"y":0.08350345492362976,"z":-0.996026337146759},"rotation":{"x":0.07458112388849259,"y":-0.9235638976097107,"z":0.29512885212898257,"w":0.23316624760627747},"size":1.2320668697357178,"orthographic":false}