{"cameraMode":{"drawMode":0,"name":"Shaded","section":"Shading Mode"},"sceneLighting":false,"audioPlay":false,"sceneViewState":{"showFog":true,"showMaterialUpdate":true,"showSkybox":true,"showFlares":true,"showImageEffects":true,"showParticleSystems":true},"in2DMode":false,"pivot":{"x":6.109476089477539e-7,"y":0.1161075085401535,"z":1.4882056713104249},"rotation":{"x":0.0038026762194931509,"y":-0.9054328799247742,"z":0.4243979752063751,"w":0.007955484092235566},"size":0.5594996809959412,"orthographic":false}